{
  "subsystem": "can_intrusion",
  "dataset": {
    "name": "HCRL Car Hacking Dataset",
    "attack_types": [
      "DoS",
      "Fuzzy",
      "Gear",
      "RPM"
    ],
    "features": 16,
    "feature_cols": [
      "can_id_int",
      "dlc_int",
      "time_delta",
      "byte0_int",
      "byte1_int",
      "byte2_int",
      "byte3_int",
      "byte4_int",
      "byte5_int",
      "byte6_int",
      "byte7_int",
      "byte_sum",
      "byte_mean_w50",
      "byte_std_w50",
      "canid_unique_w50",
      "msg_rate_w50"
    ],
    "rows_per_file": {
      "DoS": 3665771,
      "Fuzzy": 3838860,
      "Gear": 4443142,
      "RPM": 4621702
    }
  },
  "evaluation_strategy": "cross-file (train on one attack, test on others)",
  "sample_size_per_test": 200000,
  "model": {
    "type": "XGBClassifier (binary, one per attack)",
    "params": {
      "objective": "binary:logistic",
      "tree_method": "hist",
      "max_depth": 6,
      "learning_rate": 0.1,
      "n_estimators": 200,
      "min_child_weight": 5,
      "subsample": 0.8,
      "colsample_bytree": 0.8,
      "random_state": 42,
      "verbosity": 0,
      "n_jobs": -1
    },
    "training_times_sec": {
      "DoS": 14.886805772781372,
      "Fuzzy": 21.361805200576782,
      "Gear": 21.01551127433777,
      "RPM": 21.056496620178223
    }
  },
  "cross_file_matrix": {
    "attack_types": [
      "DoS",
      "Fuzzy",
      "Gear",
      "RPM"
    ],
    "f1_default_threshold": [
      [
        1.0,
        0.0018654541214876996,
        0.0,
        0.0
      ],
      [
        0.0,
        1.0,
        0.0,
        0.3490316781521532
      ],
      [
        0.0,
        0.0,
        1.0,
        0.0
      ],
      [
        0.0,
        0.009677169621429125,
        0.0,
        1.0
      ]
    ],
    "f1_optimal_threshold": [
      [
        1.0,
        0.2277908970479427,
        0.42435064424271984,
        0.24786568138313483
      ],
      [
        0.2753863134657837,
        1.0,
        0.6404172834284909,
        0.9365899326278483
      ],
      [
        0.3370925316550057,
        0.5847161788792747,
        1.0,
        0.5734754205283035
      ],
      [
        0.29989876914634955,
        0.9099492644322121,
        0.9363783438052597,
        1.0
      ]
    ],
    "optimal_thresholds": [
      [
        0.9991577863693237,
        1.126063921219611e-06,
        1.1261583949817577e-06,
        1.126063921219611e-06
      ],
      [
        6.95581974241577e-08,
        0.8621333241462708,
        4.429155524121597e-06,
        0.03014182299375534
      ],
      [
        7.164318276409176e-07,
        2.304219378856942e-06,
        0.9999134540557861,
        1.8127789189748e-06
      ],
      [
        2.8743707503053884e-07,
        5.164842605154263e-06,
        4.3963518692180514e-06,
        0.9991088509559631
      ]
    ],
    "auc": [
      [
        1.0,
        0.21434072114685718,
        0.6611199650735977,
        0.30176600293063455
      ],
      [
        0.0327446725729639,
        1.0,
        0.8982774018116394,
        0.9847714484409174
      ],
      [
        0.48951933861505137,
        0.8779841152145158,
        1.0,
        0.8332709469855304
      ],
      [
        0.3496509970142291,
        0.9872711178141212,
        0.9937081785598684,
        1.0
      ]
    ],
    "precision_tuned": [
      [
        1.0,
        0.128535,
        0.26931794354637406,
        0.141465
      ],
      [
        0.15968,
        1.0,
        0.5166734907420044,
        0.8885928181702829
      ],
      [
        0.20307948931802142,
        0.5087229387379087,
        1.0,
        0.4082467123985262
      ],
      [
        0.1766334934415085,
        0.9165022492305264,
        0.9504678250907008,
        1.0
      ]
    ],
    "recall_tuned": [
      [
        1.0,
        1.0,
        1.0,
        1.0
      ],
      [
        1.0,
        1.0,
        0.8421013606198792,
        0.9900682147527657
      ],
      [
        0.9911698396793587,
        0.6874003189792663,
        1.0,
        0.9633831689817269
      ],
      [
        0.9925789078156313,
        0.9034893219745594,
        0.9227004782560339,
        1.0
      ]
    ]
  },
  "aggregate_metrics": {
    "same_file_mean_f1": 1.0,
    "cross_file_mean_f1_default": 0.030047858491255835,
    "cross_file_mean_f1_tuned": 0.5328259383868605,
    "cross_file_std_f1_tuned": 0.2628180917341243,
    "cross_file_mean_auc": 0.6353687421816604,
    "cross_file_mean_precision_tuned": 0.4389930800563211,
    "cross_file_mean_recall_tuned": 0.9410743009216018,
    "leakage_gap_default": 0.9699521415087442,
    "leakage_gap_tuned": 0.46717406161313946
  },
  "onnx_export_status": {
    "DoS": true,
    "Fuzzy": true,
    "Gear": true,
    "RPM": true
  }
}